<?xml version="1.0" encoding="UTF-8"?>
<project-private xmlns="http://www.netbeans.org/ns/project-private/1">
    <editor-bookmarks xmlns="http://www.netbeans.org/ns/editor-bookmarks/2" lastBookmarkId="0"/>
    <open-files xmlns="http://www.netbeans.org/ns/projectui-open-files/2">
        <group name="BookChapters"/>
        <group name="AllBookProjects"/>
        <group name="Apress-2d-game-engine"/>
        <group>
            <file>file:/C:/Users/scott/Google%20Drive/School/UW%20Bothell/Winter2021/CSS452/CSS452/MP1/public_html/src/Engine/Engine_VertexBuffer.js</file>
            <file>file:/C:/Users/scott/Google%20Drive/School/UW%20Bothell/Winter2021/CSS452/CSS452/MP1/public_html/src/MyGame/MyGame.js</file>
            <file>file:/C:/Users/scott/Google%20Drive/School/UW%20Bothell/Winter2021/CSS452/CSS452/MP1/public_html/src/Engine/SimpleShader.js</file>
            <file>file:/C:/Users/scott/Google%20Drive/School/UW%20Bothell/Winter2021/CSS452/CSS452/MP1/public_html/src/Engine/Engine_Core.js</file>
        </group>
    </open-files>
</project-private>
